{
    "E0": 900,
    "r":
    {
        "linear": {"01": 1.57603, "02": 3.0124, "03": 4.58843, "12": 1.43637, "13": 3.0124, "23": 1.57603},
        "ring": {"01": 1.93379, "02": 2.4196, "03": 1.93379, "12": 1.93379, "13": 3.01723, "23": 1.93379}
    },
    "target": "Gly",
    "Ep":
    {
        "Gly": 19.6487041570916, 
        "Phe": 20.4041164494357
    }
}