{
    "E0": 900,
    "r":
    {
        "linear": {"01": 1.42309, "02": 2.74121, "03": 4.1643, "12": 1.31812, "13": 2.74121, "23": 1.42309},
        "ring": {"01": 1.612195, "02": 1.977815, "03": 1.612195 ,"12": 1.612195, "13": 2.546554279, "23": 1.612195}
    },
    "target": "Gly",
    "Ep":
    {
        "Gly": 19.6487041570916, 
        "Phe": 20.4041164494357
    }
}