{
    "E0": 900,
    "r":
    {
        "linear": {"01": 1.45871, "02": 2.79164, "03": 4.25035,"12": 1.33293, "13": 2.79164, "23": 1.45871},
        "ring": {"01": 1.68221, "02": 2.0758, "03": 1.68221 ,"12": 1.68221, "13": 2.64771, "23": 1.68221}
    },
    "target": "Gly",
    "Ep":
    {
        "Gly": 19.6487041570916, 
        "Phe": 20.4041164494357
    }
}