{
    "E0": 900,
    "r":
    {
        "linear": {"01": 1.350, "02": 2.620, "03": 3.970 ,"12": 1.270, "13": 2.620, "23": 1.350},
        "ring": {"01": 1.448, "02": 1.748, "03": 1.448 ,"12": 1.448, "13": 2.309, "23": 1.448}
    },
    "target": "Gly",
    "Ep":
    {
        "Gly": 19.6487041570916, 
        "Phe": 20.4041164494357
    }
}