{
    "E0": 900,
    "r":
    {
        "linear": {"01": 1.49847, "02": 2.86514, "03": 4.36361,"12": 1.36667, "13": 2.86514, "23": 1.49847},
        "ring": {"01": 1.77639, "02": 2.20763, "03": 1.77639 ,"12": 1.77639, "13": 2.78365, "23": 1.77639}
    },
    "target": "Gly",
    "Ep":
    {
        "Gly": 19.6487041570916, 
        "Phe": 20.4041164494357
    }
}