{
    "E0": 500,
    "r":
    {
        "linear": {"01": 1.364, "02": 2.618, "03": 3.982 ,"12": 1.254, "13": 2.618, "23": 1.364},
        "ring": {"01": 1.448, "02": 1.748, "03": 1.448 ,"12": 1.448, "13": 2.309, "23": 1.448}
    },
    "target": "Gly",
    "Ep":
    {
        "Gly": 19.6487041570916, 
        "Phe": 20.4041164494357
    }
}