{
    "900": {
        "linear": {
            "0": 1.8387288850441892,
            "1": 1.7767405174898627,
            "2": 1.7767405174898632,
            "3": 1.8387288850441892
        },
        "ring": {
            "0": 1.775489377765441,
            "1": 1.7906672283351863,
            "2": 1.775489377765441,
            "3": 1.7906672283351865
        }
    },
    "500": {
        "linear": {
            "0": 1.4142090598812935,
            "1": 1.3749161758322228,
            "2": 1.3749161758322228,
            "3": 1.4142090598812935
        },
        "ring": {
            "0": 1.3737956189877167,
            "1": 1.383476278960955,
            "2": 1.3737956189877167,
            "3": 1.383476278960955
        }
    }
}