{
    "900": {
        "linear": {
            "0": 1.8447785268416779,
            "1": 1.7850608919151953,
            "2": 1.7850608919151953,
            "3": 1.8447785268416779
        },
        "ring": {
            "0": 1.7952298549980679,
            "1": 1.8080327181022127,
            "2": 1.7952298549980679,
            "3": 1.8080327181022127
        }
    }
}