{
    "E0": 900,
    "r" : {"01": 1.78622},
    "target": "Gly",
    "Ep":
    {
        "Gly": 19.6487041570916, 
        "Phe": 20.4041164494357
    }
}