{
    "4000": {
        "0": 1.9771574995647474,
        "1": 1.9771574995647474
    },
    "900": {
        "0": 1.5796134773260706,
        "1": 1.5796134773260706
    }
}