{
    "900": {
        "linear": {
            "0": 1.8590481687358087,
            "1": 1.8109535053765111,
            "2": 1.8590481687358087
        },
        "ring": {
            "0": 1.818765828978304,
            "1": 1.828092276148269,
            "2": 1.828092276148269
        }
    },
    "500": {
        "linear": {
            "0": 1.427344339310533,
            "1": 1.397298863396375,
            "2": 1.427344339310533
        },
        "ring": {
            "0": 1.401930901383029,
            "1": 1.4077954312456746,
            "2": 1.4077954312456746
        }
    }
}