{
    "900": {
        "linear": {
            "0": 1.8690192542466815,
            "1": 1.8236705151291628,
            "2": 1.8690192542466815
        },
        "ring": {
            "0": 1.842391132201887,
            "1": 1.8490334962607202,
            "2": 1.8490334962607202
        }
    }
}