{
    "900": {
        "0": 1.915717101801391,
        "1": 1.915717101801391
    }
}