{
    "E0": 900,
    "r" : 
    {
        "linear": {"01": 1.393615, "02": 2.78723, "12": 1.393615},
        "ring": {"01": 1.550085, "02": 1.550085, "12": 1.69003}
    },
    "target": "Gly",
    "Ep":
    {
        "Gly": 19.6487041570916, 
        "Phe": 20.4041164494357
    }
}