{
    "E0": 900,
    "r" : 
    {
        "linear": {"01": 1.5955, "02": 3.191, "12": 1.5955},
        "ring": {"01": 1.93545, "02": 1.93545, "12": 2.06789}
    },
    "target": "Gly",
    "Ep":
    {
        "Gly": 19.6487041570916, 
        "Phe": 20.4041164494357
    }
}