{
    "E0": 500,
    "r" : 
    {
        "linear": {"01": 1.287, "02": 2.574, "12": 1.287},
        "ring": {"01": 1.324, "02": 1.324, "12": 1.477}
    },
    "target": "Gly",
    "Ep":
    {
        "Gly": 19.6487041570916, 
        "Phe": 20.4041164494357
    }
}