{
    "E0": 900,
    "r" : 
    {
        "linear": {"01": 1.43802, "02": 2.87603, "12": 1.43802},
        "ring": {"01": 1.64908, "02": 1.64908, "12": 1.78326}
    },
    "target": "Gly",
    "Ep":
    {
        "Gly": 19.6487041570916, 
        "Phe": 20.4041164494357
    }
}