{
    "E0": 900,
    "r" : 
    {
        "linear": {"01": 1.50023, "02": 3.0004634, "12": 1.50023},
        "ring": {"01": 1.77617, "02": 1.77617, "12": 1.90306}
    },
    "target": "Gly",
    "Ep":
    {
        "Gly": 19.6487041570916, 
        "Phe": 20.4041164494357
    }
}